<?xml version="1.0" encoding="windows-1252"?>
<XMI xmi.version="1.1" xmlns:UML="omg.org/UML1.3">
	<XMI.header>
		<XMI.documentation>
			<XMI.exporter>Enterprise Architect</XMI.exporter>
			<XMI.exporterVersion>2.5</XMI.exporterVersion>
		</XMI.documentation>
	</XMI.header>
	<XMI.content>
		<UML:Model name="EA Model" xmi.id="MX_EAID_091D79F7_4E54_4b4c_94D6_E6D7E3AB4AB8">
			<UML:Namespace.ownedElement>
				<UML:Class name="EARootClass" xmi.id="EAID_11111111_5487_4080_A7F4_41526CB0AA00" isRoot="true" isLeaf="false" isAbstract="false"/>
				<UML:Package name="Natura2000" xmi.id="EAPK_091D79F7_4E54_4b4c_94D6_E6D7E3AB4AB8" isRoot="false" isLeaf="false" isAbstract="false" visibility="public">
					<UML:ModelElement.taggedValue>
						<UML:TaggedValue tag="parent" value="EAPK_22B61E98_2FF4_48b0_B03C_2740D19ADC9C"/>
						<UML:TaggedValue tag="created" value="2013-07-18 12:58:11"/>
						<UML:TaggedValue tag="modified" value="2013-07-18 12:58:11"/>
						<UML:TaggedValue tag="iscontrolled" value="TRUE"/>
						<UML:TaggedValue tag="xmlpath" value="trunk\valide\nature-paysage-biodiversite\geostandard-Natura2000\Natura2000.xml"/>
						<UML:TaggedValue tag="lastloaddate" value="2018-01-30 15:16:30"/>
						<UML:TaggedValue tag="lastsavedate" value="2014-02-03 09:59:17"/>
						<UML:TaggedValue tag="version" value="1.0"/>
						<UML:TaggedValue tag="isprotected" value="FALSE"/>
						<UML:TaggedValue tag="usedtd" value="FALSE"/>
						<UML:TaggedValue tag="xmiver" value="Enterprise Architect XMI/UML 1.3"/>
						<UML:TaggedValue tag="logxml" value="FALSE"/>
						<UML:TaggedValue tag="tpos" value="0"/>
						<UML:TaggedValue tag="packageFlags" value="Recurse=0;VCCFG=covadis;CRC=0;"/>
						<UML:TaggedValue tag="batchsave" value="0"/>
						<UML:TaggedValue tag="batchload" value="0"/>
						<UML:TaggedValue tag="phase" value="1.0"/>
						<UML:TaggedValue tag="status" value="Proposed"/>
						<UML:TaggedValue tag="author" value="jean-loup.delaveau"/>
						<UML:TaggedValue tag="complexity" value="1"/>
						<UML:TaggedValue tag="ea_stype" value="Public"/>
						<UML:TaggedValue tag="tpos" value="0"/>
						<UML:TaggedValue tag="gentype" value="Java"/>
					</UML:ModelElement.taggedValue>
					<UML:Namespace.ownedElement>
						<UML:Class name="Zone Natura 2000" xmi.id="EAID_380456A5_75FC_4393_840C_B5A36F421594" visibility="public" namespace="EAPK_091D79F7_4E54_4b4c_94D6_E6D7E3AB4AB8" isRoot="false" isLeaf="false" isAbstract="false" isActive="false">
							<UML:ModelElement.stereotype>
								<UML:Stereotype name="featureType"/>
							</UML:ModelElement.stereotype>
							<UML:ModelElement.taggedValue>
								<UML:TaggedValue tag="isSpecification" value="false"/>
								<UML:TaggedValue tag="ea_stype" value="Class"/>
								<UML:TaggedValue tag="ea_ntype" value="0"/>
								<UML:TaggedValue tag="version" value="1.0"/>
								<UML:TaggedValue tag="package" value="EAPK_091D79F7_4E54_4b4c_94D6_E6D7E3AB4AB8"/>
								<UML:TaggedValue tag="date_created" value="2016-05-18 14:31:11"/>
								<UML:TaggedValue tag="date_modified" value="2016-05-18 14:31:37"/>
								<UML:TaggedValue tag="gentype" value="Java"/>
								<UML:TaggedValue tag="tagged" value="0"/>
								<UML:TaggedValue tag="package_name" value="Natura2000"/>
								<UML:TaggedValue tag="phase" value="1.0"/>
								<UML:TaggedValue tag="author" value="richard.mitanchey"/>
								<UML:TaggedValue tag="complexity" value="1"/>
								<UML:TaggedValue tag="status" value="Proposed"/>
								<UML:TaggedValue tag="stereotype" value="featureType"/>
								<UML:TaggedValue tag="tpos" value="0"/>
								<UML:TaggedValue tag="ea_localid" value="1072"/>
								<UML:TaggedValue tag="ea_eleType" value="element"/>
								<UML:TaggedValue tag="style" value="BackColor=-1;BorderColor=-1;BorderWidth=-1;FontColor=-1;VSwimLanes=1;HSwimLanes=1;BorderStyle=0;"/>
								<UML:TaggedValue tag="$ea_xref_property" value="$XREFPROP=$XID={78924C68-A028-4ae1-AFD2-8C6615324D9E}$XID;$NAM=Stereotypes$NAM;$TYP=element property$TYP;$VIS=Public$VIS;$PAR=0$PAR;$DES=@STEREO;Name=featureType;GUID={47ECE3B7-DC5E-4136-8B00-F0E4621AD49E};FQName=UML Profile for INSPIRE data specifications::featureType;@ENDSTEREO;$DES;$CLT={380456A5-75FC-4393-840C-B5A36F421594}$CLT;$SUP=&lt;none&gt;$SUP;$ENDXREF;"/>
							</UML:ModelElement.taggedValue>
						</UML:Class>
						<UML:Dependency client="EAPK_091D79F7_4E54_4b4c_94D6_E6D7E3AB4AB8" supplier="EAPK_50A4C04E_AC19_48f3_B58B_EF5E25B977EC" xmi.id="EAID_693292E1_EA56_4902_8F80_3B6DD9F533D7" visibility="public">
							<UML:ModelElement.taggedValue>
								<UML:TaggedValue tag="style" value="3"/>
								<UML:TaggedValue tag="ea_type" value="Dependency"/>
								<UML:TaggedValue tag="direction" value="Source -&gt; Destination"/>
								<UML:TaggedValue tag="linemode" value="3"/>
								<UML:TaggedValue tag="linecolor" value="-1"/>
								<UML:TaggedValue tag="linewidth" value="0"/>
								<UML:TaggedValue tag="seqno" value="0"/>
								<UML:TaggedValue tag="headStyle" value="0"/>
								<UML:TaggedValue tag="lineStyle" value="0"/>
								<UML:TaggedValue tag="ea_localid" value="762"/>
								<UML:TaggedValue tag="ea_sourceName" value="Natura2000"/>
								<UML:TaggedValue tag="ea_targetName" value="Protection Biodiversite"/>
								<UML:TaggedValue tag="ea_sourceType" value="Package"/>
								<UML:TaggedValue tag="ea_targetType" value="Package"/>
								<UML:TaggedValue tag="ea_sourceID" value="1071"/>
								<UML:TaggedValue tag="ea_targetID" value="1163"/>
								<UML:TaggedValue tag="src_visibility" value="Public"/>
								<UML:TaggedValue tag="src_aggregation" value="0"/>
								<UML:TaggedValue tag="src_isOrdered" value="false"/>
								<UML:TaggedValue tag="src_targetScope" value="instance"/>
								<UML:TaggedValue tag="src_changeable" value="none"/>
								<UML:TaggedValue tag="src_isNavigable" value="false"/>
								<UML:TaggedValue tag="src_containment" value="Unspecified"/>
								<UML:TaggedValue tag="src_style" value="Union=0;Derived=0;AllowDuplicates=0;Owned=0;Navigable=Non-Navigable;"/>
								<UML:TaggedValue tag="dst_visibility" value="Public"/>
								<UML:TaggedValue tag="dst_aggregation" value="0"/>
								<UML:TaggedValue tag="dst_isOrdered" value="false"/>
								<UML:TaggedValue tag="dst_targetScope" value="instance"/>
								<UML:TaggedValue tag="dst_changeable" value="none"/>
								<UML:TaggedValue tag="dst_isNavigable" value="true"/>
								<UML:TaggedValue tag="dst_containment" value="Unspecified"/>
								<UML:TaggedValue tag="dst_style" value="Union=0;Derived=0;AllowDuplicates=0;Owned=0;Navigable=Navigable;"/>
								<UML:TaggedValue tag="virtualInheritance" value="0"/>
							</UML:ModelElement.taggedValue>
						</UML:Dependency>
						<UML:Dependency client="EAPK_3A6E9C28_59E1_4f4b_AC3B_46A1261F4534" supplier="EAPK_091D79F7_4E54_4b4c_94D6_E6D7E3AB4AB8" xmi.id="EAID_113C8619_5F2F_4fb7_A420_94E5FACF49C1" visibility="public">
							<UML:ModelElement.taggedValue>
								<UML:TaggedValue tag="style" value="3"/>
								<UML:TaggedValue tag="ea_type" value="Dependency"/>
								<UML:TaggedValue tag="direction" value="Source -&gt; Destination"/>
								<UML:TaggedValue tag="linemode" value="3"/>
								<UML:TaggedValue tag="linecolor" value="-1"/>
								<UML:TaggedValue tag="linewidth" value="0"/>
								<UML:TaggedValue tag="seqno" value="0"/>
								<UML:TaggedValue tag="headStyle" value="0"/>
								<UML:TaggedValue tag="lineStyle" value="0"/>
								<UML:TaggedValue tag="ea_localid" value="990"/>
								<UML:TaggedValue tag="ea_sourceName" value="EolienTerrestre v2.0"/>
								<UML:TaggedValue tag="ea_targetName" value="Natura2000"/>
								<UML:TaggedValue tag="ea_sourceType" value="Package"/>
								<UML:TaggedValue tag="ea_targetType" value="Package"/>
								<UML:TaggedValue tag="ea_sourceID" value="125"/>
								<UML:TaggedValue tag="ea_targetID" value="1071"/>
								<UML:TaggedValue tag="src_visibility" value="Public"/>
								<UML:TaggedValue tag="src_aggregation" value="0"/>
								<UML:TaggedValue tag="src_isOrdered" value="false"/>
								<UML:TaggedValue tag="src_targetScope" value="instance"/>
								<UML:TaggedValue tag="src_changeable" value="none"/>
								<UML:TaggedValue tag="src_isNavigable" value="false"/>
								<UML:TaggedValue tag="src_containment" value="Unspecified"/>
								<UML:TaggedValue tag="src_style" value="Union=0;Derived=0;AllowDuplicates=0;Owned=0;Navigable=Non-Navigable;"/>
								<UML:TaggedValue tag="dst_visibility" value="Public"/>
								<UML:TaggedValue tag="dst_aggregation" value="0"/>
								<UML:TaggedValue tag="dst_isOrdered" value="false"/>
								<UML:TaggedValue tag="dst_targetScope" value="instance"/>
								<UML:TaggedValue tag="dst_changeable" value="none"/>
								<UML:TaggedValue tag="dst_isNavigable" value="true"/>
								<UML:TaggedValue tag="dst_containment" value="Unspecified"/>
								<UML:TaggedValue tag="dst_style" value="Union=0;Derived=0;AllowDuplicates=0;Owned=0;Navigable=Navigable;"/>
								<UML:TaggedValue tag="virtualInheritance" value="0"/>
							</UML:ModelElement.taggedValue>
						</UML:Dependency>
					</UML:Namespace.ownedElement>
				</UML:Package>
			</UML:Namespace.ownedElement>
		</UML:Model>
		<UML:TaggedValue tag="byValuePropertyType" xmi.id="EAID_ED33D65F_4003_9e40_BA0C_3BFDED832EF3" value="false#NOTES#Values: false&#xA;Default: false&#xA;Description: Create a property type that requires that the instance is encoded inline (applies to ISO 19136:2007 encoding rule). Always set to false in INSPIRE.&#xA;" modelElement="EAID_380456A5_75FC_4393_840C_B5A36F421594"/>
		<UML:TaggedValue tag="inspireConcept" xmi.id="EAID_4B797726_6E8A_1b6e_AD64_F6C6023212B3" value="FIXME#NOTES#Default: FIXME&#xA;Description: URN reference to the feature concept in the INSPIRE Feature Concept Dictionary Register&#xA;" modelElement="EAID_380456A5_75FC_4393_840C_B5A36F421594"/>
		<UML:TaggedValue tag="isCollection" xmi.id="EAID_26B33348_EDAC_d8ed_A6CC_8845F5E3CAD3" value="false#NOTES#Values: true | false&#xA;Default: false&#xA;Description: Identifies the feature type as a feature collection.&#xA;" modelElement="EAID_380456A5_75FC_4393_840C_B5A36F421594"/>
		<UML:TaggedValue tag="noPropertyType" xmi.id="EAID_F9638764_DEA8_cfde_9191_0116B5096ECB" value="false#NOTES#Values: false&#xA;Default: false&#xA;Description: Surpress creation of a standard property type that supports inline or by-reference encoding (applies to ISO 19136:2007 encoding rule). Always set to false in INSPIRE.&#xA;" modelElement="EAID_380456A5_75FC_4393_840C_B5A36F421594"/>
		<UML:TaggedValue tag="xsdEncodingRule" xmi.id="EAID_BCD3CBEE_13B2_7213_A4C1_BA79E5605E97" value="iso19136_2007_INSPIRE_Extensions#NOTES#Values: iso19136_2007 | iso19139_2007 | iso19136_2007_INSPIRE_Extensions&#xA;Default: iso19136_2007_INSPIRE_Extensions&#xA;Description: XML Schema encoding rule to apply&#xA;" modelElement="EAID_380456A5_75FC_4393_840C_B5A36F421594"/>
		<UML:Diagram name="Natura2000" xmi.id="EAID_D18A5CAF_FA01_4c9b_917D_B7D5AFDC3C81" diagramType="ClassDiagram" owner="EAPK_091D79F7_4E54_4b4c_94D6_E6D7E3AB4AB8" toolName="Enterprise Architect 2.5">
			<UML:ModelElement.taggedValue>
				<UML:TaggedValue tag="version" value="1.0"/>
				<UML:TaggedValue tag="author" value="richard.mitanchey"/>
				<UML:TaggedValue tag="created_date" value="2016-05-18 14:31:03"/>
				<UML:TaggedValue tag="modified_date" value="2016-05-18 14:31:40"/>
				<UML:TaggedValue tag="package" value="EAPK_091D79F7_4E54_4b4c_94D6_E6D7E3AB4AB8"/>
				<UML:TaggedValue tag="type" value="Logical"/>
				<UML:TaggedValue tag="swimlanes" value="locked=false;orientation=0;width=0;inbar=false;names=false;color=0;bold=false;fcol=0;;cls=0;"/>
				<UML:TaggedValue tag="matrixitems" value="locked=false;matrixactive=false;swimlanesactive=true;width=1;"/>
				<UML:TaggedValue tag="ea_localid" value="140"/>
				<UML:TaggedValue tag="EAStyle" value="ShowPrivate=1;ShowProtected=1;ShowPublic=1;HideRelationships=0;Locked=0;Border=1;HighlightForeign=1;PackageContents=1;SequenceNotes=0;ScalePrintImage=0;PPgs.cx=1;PPgs.cy=1;DocSize.cx=791;DocSize.cy=1134;ShowDetails=0;Orientation=P;Zoom=100;ShowTags=0;OpParams=1;VisibleAttributeDetail=0;ShowOpRetType=1;ShowIcons=1;CollabNums=0;HideProps=0;ShowReqs=0;ShowCons=0;PaperSize=9;HideParents=0;UseAlias=0;HideAtts=0;HideOps=0;HideStereo=0;HideElemStereo=0;ShowTests=0;ShowMaint=0;ConnectorNotation=UML 2.1;ExplicitNavigability=0;AdvancedElementProps=1;AdvancedFeatureProps=1;AdvancedConnectorProps=1;ShowNotes=0;SuppressBrackets=0;SuppConnectorLabels=0;PrintPageHeadFoot=0;ShowAsList=0;"/>
				<UML:TaggedValue tag="styleex" value="SaveTag=ACBF331C;ExcludeRTF=0;DocAll=0;HideQuals=0;AttPkg=1;ShowTests=0;ShowMaint=0;SuppressFOC=1;MatrixActive=0;SwimlanesActive=1;MatrixLineWidth=1;MatrixLocked=0;TConnectorNotation=UML 2.1;TExplicitNavigability=0;AdvancedElementProps=1;AdvancedFeatureProps=1;AdvancedConnectorProps=1;ProfileData=;MDGDgm=;STBLDgm=;ShowNotes=0;VisibleAttributeDetail=0;ShowOpRetType=1;SuppressBrackets=0;SuppConnectorLabels=0;PrintPageHeadFoot=0;ShowAsList=0;SuppressedCompartments=;"/>
			</UML:ModelElement.taggedValue>
			<UML:Diagram.element>
				<UML:DiagramElement geometry="Left=223;Top=204;Right=365;Bottom=274;" subject="EAID_380456A5_75FC_4393_840C_B5A36F421594" seqno="1" style="DUID=8896939A;"/>
			</UML:Diagram.element>
		</UML:Diagram>
		<UML:DiagramElement geometry="Left=162;Top=469;Right=292;Bottom=549;" subject="EAID_091D79F7_4E54_4b4c_94D6_E6D7E3AB4AB8" seqno="3" style="DUID=46B67F76;NSL=0;BFol=-1;LCol=-1;LWth=-1;fontsz=0;bold=0;italic=0;ul=0;charset=0;pitch=0;BCol=13434828;">
			<UML:ModelElement.taggedValue>
				<UML:TaggedValue tag="diagram_guid" value="EAID_C8E95F57_E5E4_44e0_8D02_C91F98325D96"/>
			</UML:ModelElement.taggedValue>
		</UML:DiagramElement>
		<UML:DiagramElement geometry="Left=346;Top=558;Right=490;Bottom=638;" subject="EAID_091D79F7_4E54_4b4c_94D6_E6D7E3AB4AB8" seqno="6" style="DUID=966E1418;NSL=0;BCol=-1;BFol=-1;LCol=-1;LWth=-1;fontsz=0;bold=0;black=0;italic=0;ul=0;charset=0;pitch=0;">
			<UML:ModelElement.taggedValue>
				<UML:TaggedValue tag="diagram_guid" value="EAID_7B77DE15_35D5_4cc3_8087_B90A813EEBDD"/>
			</UML:ModelElement.taggedValue>
		</UML:DiagramElement>
		<UML:DiagramElement geometry="Left=662;Top=173;Right=872;Bottom=253;" subject="EAID_091D79F7_4E54_4b4c_94D6_E6D7E3AB4AB8" seqno="10" style="DUID=239D606D;NSL=0;BFol=-1;LCol=-1;LWth=-1;fontsz=0;bold=0;black=0;italic=0;ul=0;charset=0;pitch=0;BCol=10157988;">
			<UML:ModelElement.taggedValue>
				<UML:TaggedValue tag="diagram_guid" value="EAID_77E9E5EF_81F2_4fe0_893B_253E405F708E"/>
			</UML:ModelElement.taggedValue>
		</UML:DiagramElement>
		<UML:DiagramElement geometry="SX=0;SY=0;EX=0;EY=0;EDGE=1;$LLB=;LLT=;LMT=;LMB=;LRT=;LRB=;IRHS=;ILHS=;Path=;Path=;Path=;" subject="EAID_693292E1_EA56_4902_8F80_3B6DD9F533D7" style="Mode=3;EOID=E9C2D797;SOID=46B67F76;Color=-1;LWidth=0;Hidden=0;Hidden=0;Hidden=0;">
			<UML:ModelElement.taggedValue>
				<UML:TaggedValue tag="diagram_guid" value="EAID_C8E95F57_E5E4_44e0_8D02_C91F98325D96"/>
				<UML:TaggedValue tag="hidden" value="0"/>
			</UML:ModelElement.taggedValue>
		</UML:DiagramElement>
		<UML:DiagramElement geometry="EDGE=3;$LLB=;LLT=;LMT=;LMB=;LRT=;LRB=;IRHS=;ILHS=;" subject="EAID_693292E1_EA56_4902_8F80_3B6DD9F533D7" style="Mode=3;EOID=B7BDDF6E;SOID=966E1418;Color=-1;LWidth=0;">
			<UML:ModelElement.taggedValue>
				<UML:TaggedValue tag="diagram_guid" value="EAID_7B77DE15_35D5_4cc3_8087_B90A813EEBDD"/>
				<UML:TaggedValue tag="hidden" value="0"/>
			</UML:ModelElement.taggedValue>
		</UML:DiagramElement>
		<UML:DiagramElement geometry="SX=0;SY=0;EX=0;EY=0;EDGE=3;$LLB=;LLT=;LMT=;LMB=;LRT=;LRB=;IRHS=;ILHS=;" subject="EAID_113C8619_5F2F_4fb7_A420_94E5FACF49C1" style="Mode=3;EOID=966E1418;SOID=33DA3B88;Color=-1;LWidth=0;">
			<UML:ModelElement.taggedValue>
				<UML:TaggedValue tag="diagram_guid" value="EAID_7B77DE15_35D5_4cc3_8087_B90A813EEBDD"/>
				<UML:TaggedValue tag="hidden" value="0"/>
			</UML:ModelElement.taggedValue>
		</UML:DiagramElement>
		<UML:DiagramElement geometry="EDGE=3;$LLB=;LLT=;LMT=;LMB=;LRT=;LRB=;IRHS=;ILHS=;" subject="EAID_26167758_43A7_4c27_BB01_70656F9A0687" style="Mode=3;EOID=46B67F76;SOID=6AC4749D;Color=-1;LWidth=0;">
			<UML:ModelElement.taggedValue>
				<UML:TaggedValue tag="diagram_guid" value="EAID_C8E95F57_E5E4_44e0_8D02_C91F98325D96"/>
				<UML:TaggedValue tag="hidden" value="0"/>
			</UML:ModelElement.taggedValue>
		</UML:DiagramElement>
		<UML:DiagramElement geometry="SX=0;SY=0;EX=0;EY=0;" subject="EAID_4B2AD438_431A_462d_9560_2AC603BBF23F" style=";">
			<UML:ModelElement.taggedValue>
				<UML:TaggedValue tag="diagram_guid" value="EAID_C8E95F57_E5E4_44e0_8D02_C91F98325D96"/>
				<UML:TaggedValue tag="hidden" value="0"/>
			</UML:ModelElement.taggedValue>
		</UML:DiagramElement>
		<UML:DiagramElement geometry="SX=0;SY=0;EX=0;EY=0;EDGE=3;$LLB=;LLT=;LMT=;LMB=;LRT=;LRB=;IRHS=;ILHS=;" subject="EAID_F7324547_2AEB_46b5_859A_1437A2AC0627" style="Mode=3;EOID=46B67F76;SOID=6AC4749D;Color=-1;LWidth=0;">
			<UML:ModelElement.taggedValue>
				<UML:TaggedValue tag="diagram_guid" value="EAID_C8E95F57_E5E4_44e0_8D02_C91F98325D96"/>
				<UML:TaggedValue tag="hidden" value="0"/>
			</UML:ModelElement.taggedValue>
		</UML:DiagramElement>
	</XMI.content>
	<XMI.difference/>
	<XMI.extensions xmi.extender="Enterprise Architect 2.5">
		<EAStub xmi.id="EAPK_50A4C04E_AC19_48f3_B58B_EF5E25B977EC" name="Protection Biodiversite" UMLType="Package"/>
		<EAStub xmi.id="EAPK_3A6E9C28_59E1_4f4b_AC3B_46A1261F4534" name="EolienTerrestre v2.0" UMLType="Package"/>
		<EAStub xmi.id="EAID_750084B9_78E8_4dc0_83BE_2A179819487F" UMLType="Note"/>
		<EANoteLink xmi.id="EAID_26167758_43A7_4c27_BB01_70656F9A0687" source="EAID_750084B9_78E8_4dc0_83BE_2A179819487F" target="EAPK_091D79F7_4E54_4b4c_94D6_E6D7E3AB4AB8">
			<UML:ModelElement.taggedValue>
				<UML:TaggedValue tag="linecolor" value="0"/>
				<UML:TaggedValue tag="linewidth" value="0"/>
			</UML:ModelElement.taggedValue>
		</EANoteLink>
		<EANoteLink xmi.id="EAID_4B2AD438_431A_462d_9560_2AC603BBF23F" source="EAID_750084B9_78E8_4dc0_83BE_2A179819487F" target="EAPK_091D79F7_4E54_4b4c_94D6_E6D7E3AB4AB8">
			<UML:ModelElement.taggedValue>
				<UML:TaggedValue tag="linecolor" value="0"/>
				<UML:TaggedValue tag="linewidth" value="0"/>
			</UML:ModelElement.taggedValue>
		</EANoteLink>
		<EANoteLink xmi.id="EAID_F7324547_2AEB_46b5_859A_1437A2AC0627" source="EAID_750084B9_78E8_4dc0_83BE_2A179819487F" target="EAPK_091D79F7_4E54_4b4c_94D6_E6D7E3AB4AB8">
			<UML:ModelElement.taggedValue>
				<UML:TaggedValue tag="linecolor" value="-1"/>
				<UML:TaggedValue tag="linewidth" value="0"/>
			</UML:ModelElement.taggedValue>
		</EANoteLink>
	</XMI.extensions>
</XMI>
