<?xml version="1.0" encoding="windows-1252"?>
<XMI xmi.version="1.1" xmlns:UML="omg.org/UML1.3">
	<XMI.header>
		<XMI.documentation>
			<XMI.exporter>Enterprise Architect</XMI.exporter>
			<XMI.exporterVersion>2.5</XMI.exporterVersion>
		</XMI.documentation>
	</XMI.header>
	<XMI.content>
		<UML:Model name="EA Model" xmi.id="MX_EAID_F9BD03CF_3A79_44e5_B96A_AC8FF5347E7F">
			<UML:Namespace.ownedElement>
				<UML:Class name="EARootClass" xmi.id="EAID_11111111_5487_4080_A7F4_41526CB0AA00" isRoot="true" isLeaf="false" isAbstract="false"/>
				<UML:Package name="mer-littoral" xmi.id="EAPK_F9BD03CF_3A79_44e5_B96A_AC8FF5347E7F" isRoot="false" isLeaf="false" isAbstract="false" visibility="public">
					<UML:ModelElement.taggedValue>
						<UML:TaggedValue tag="parent" value="EAPK_396FB2F0_0DC0_4bae_AE69_5581E9AC7BF3"/>
						<UML:TaggedValue tag="created" value="2014-01-13 00:00:00"/>
						<UML:TaggedValue tag="modified" value="2014-01-13 00:00:00"/>
						<UML:TaggedValue tag="iscontrolled" value="TRUE"/>
						<UML:TaggedValue tag="xmlpath" value="trunk\valide\mer-littoral\mer-littoral.xml"/>
						<UML:TaggedValue tag="lastloaddate" value="2018-01-30 15:16:11"/>
						<UML:TaggedValue tag="lastsavedate" value="2014-01-30 18:00:30"/>
						<UML:TaggedValue tag="version" value="1.0"/>
						<UML:TaggedValue tag="isprotected" value="FALSE"/>
						<UML:TaggedValue tag="usedtd" value="FALSE"/>
						<UML:TaggedValue tag="xmiver" value="Enterprise Architect XMI/UML 1.3"/>
						<UML:TaggedValue tag="logxml" value="FALSE"/>
						<UML:TaggedValue tag="tpos" value="13"/>
						<UML:TaggedValue tag="packageFlags" value="isModel=1;VICON=3;Recurse=0;VCCFG=covadis;CRC=0;"/>
						<UML:TaggedValue tag="batchsave" value="0"/>
						<UML:TaggedValue tag="batchload" value="0"/>
						<UML:TaggedValue tag="phase" value="1.0"/>
						<UML:TaggedValue tag="status" value="Proposed"/>
						<UML:TaggedValue tag="author" value="richard.mitanchey"/>
						<UML:TaggedValue tag="complexity" value="1"/>
						<UML:TaggedValue tag="ea_stype" value="Public"/>
						<UML:TaggedValue tag="tpos" value="13"/>
						<UML:TaggedValue tag="gentype" value="Java"/>
					</UML:ModelElement.taggedValue>
					<UML:Namespace.ownedElement>
						<UML:Collaboration xmi.id="EAID_F9BD03CF_3A79_44e5_B96A_AC8FF5347E7F_Collaboration" name="Collaborations">
							<UML:Namespace.ownedElement>
								<UML:ClassifierRole name="Sentier du Littoral" xmi.id="EAID_07DA622C_5A75_4c91_B5AB_1B368F80B4B3" visibility="public" base="EAID_11111111_5487_4080_A7F4_41526CB0AA00">
									<UML:ModelElement.stereotype>
										<UML:Stereotype name="geostandard"/>
									</UML:ModelElement.stereotype>
									<UML:ModelElement.taggedValue>
										<UML:TaggedValue tag="isAbstract" value="false"/>
										<UML:TaggedValue tag="isSpecification" value="false"/>
										<UML:TaggedValue tag="ea_stype" value="Package"/>
										<UML:TaggedValue tag="ea_ntype" value="0"/>
										<UML:TaggedValue tag="version" value="1.0"/>
										<UML:TaggedValue tag="isActive" value="false"/>
										<UML:TaggedValue tag="package" value="EAPK_F9BD03CF_3A79_44e5_B96A_AC8FF5347E7F"/>
										<UML:TaggedValue tag="date_created" value="2018-01-30 15:16:46"/>
										<UML:TaggedValue tag="date_modified" value="2018-01-30 15:16:46"/>
										<UML:TaggedValue tag="gentype" value="Java"/>
										<UML:TaggedValue tag="tagged" value="0"/>
										<UML:TaggedValue tag="package2" value="EAID_07DA622C_5A75_4c91_B5AB_1B368F80B4B3"/>
										<UML:TaggedValue tag="package_name" value="mer-littoral"/>
										<UML:TaggedValue tag="phase" value="1.0"/>
										<UML:TaggedValue tag="author" value="richard.mitanchey"/>
										<UML:TaggedValue tag="complexity" value="1"/>
										<UML:TaggedValue tag="status" value="Proposed"/>
										<UML:TaggedValue tag="stereotype" value="geostandard"/>
										<UML:TaggedValue tag="tpos" value="0"/>
										<UML:TaggedValue tag="ea_localid" value="213"/>
										<UML:TaggedValue tag="ea_eleType" value="package"/>
										<UML:TaggedValue tag="style" value="BackColor=-1;BorderColor=-1;BorderWidth=-1;FontColor=-1;VSwimLanes=1;HSwimLanes=1;BorderStyle=0;"/>
										<UML:TaggedValue tag="$ea_xref_property" value="$XREFPROP=$XID={E71D8A1B-3DE6-4600-9195-4B7284917437}$XID;$NAM=Stereotypes$NAM;$TYP=element property$TYP;$VIS=Public$VIS;$PAR=0$PAR;$DES=@STEREO;Name=geostandard;GUID={F0CE85DD-05E6-4b20-A6B6-F84B6B2AE216};@ENDSTEREO;$DES;$CLT={07DA622C-5A75-4c91-B5AB-1B368F80B4B3}$CLT;$SUP=&lt;none&gt;$SUP;$ENDXREF;"/>
									</UML:ModelElement.taggedValue>
								</UML:ClassifierRole>
							</UML:Namespace.ownedElement>
							<UML:Collaboration.interaction/>
						</UML:Collaboration>
						<UML:Package name="Sentier du Littoral" xmi.id="EAPK_07DA622C_5A75_4c91_B5AB_1B368F80B4B3" isRoot="false" isLeaf="false" isAbstract="false" visibility="public">
							<UML:ModelElement.stereotype>
								<UML:Stereotype xmi.idref="EAID_4387D78A_9896_4e44_B948_246C712F0728"/>
							</UML:ModelElement.stereotype>
							<UML:ModelElement.taggedValue>
								<UML:TaggedValue tag="parent" value="EAPK_F9BD03CF_3A79_44e5_B96A_AC8FF5347E7F"/>
								<UML:TaggedValue tag="created" value="2014-01-29 08:30:39"/>
								<UML:TaggedValue tag="modified" value="2014-01-29 08:30:39"/>
								<UML:TaggedValue tag="iscontrolled" value="TRUE"/>
								<UML:TaggedValue tag="xmlpath" value="trunk\valide\mer-littoral\geostandard-Sentier du Littoral\Sentier du Littoral.xml"/>
								<UML:TaggedValue tag="lastloaddate" value="2018-01-30 15:16:47"/>
								<UML:TaggedValue tag="lastsavedate" value="2014-01-31 15:27:26"/>
								<UML:TaggedValue tag="version" value="1.0"/>
								<UML:TaggedValue tag="isprotected" value="FALSE"/>
								<UML:TaggedValue tag="usedtd" value="FALSE"/>
								<UML:TaggedValue tag="xmiver" value="Enterprise Architect XMI/UML 1.3"/>
								<UML:TaggedValue tag="logxml" value="FALSE"/>
								<UML:TaggedValue tag="tpos" value="0"/>
								<UML:TaggedValue tag="batchsave" value="0"/>
								<UML:TaggedValue tag="batchload" value="0"/>
								<UML:TaggedValue tag="packageFlags" value="Recurse=0;VCCFG=covadis;CheckedOutTo=richard.mitanchey;"/>
								<UML:TaggedValue tag="savedasstub" value="true"/>
								<UML:TaggedValue tag="phase" value="1.0"/>
								<UML:TaggedValue tag="status" value="Proposed"/>
								<UML:TaggedValue tag="author" value="richard.mitanchey"/>
								<UML:TaggedValue tag="complexity" value="1"/>
								<UML:TaggedValue tag="stereotype" value="geostandard"/>
								<UML:TaggedValue tag="ea_stype" value="Public"/>
							</UML:ModelElement.taggedValue>
						</UML:Package>
					</UML:Namespace.ownedElement>
				</UML:Package>
				<UML:Stereotype xmi.id="EAID_4387D78A_9896_4e44_B948_246C712F0728" name="geostandard" isRoot="false" isLeaf="false" isAbstract="false">
					<UML:Stereotype.baseClass>Package</UML:Stereotype.baseClass>
				</UML:Stereotype>
			</UML:Namespace.ownedElement>
		</UML:Model>
		<UML:TaggedValue tag="gmlProfileSchema" xmi.id="EAID_48460EC2_0C6F_f40c_ACE6_1E0DCF6CF961" value="#NOTES#Description: URL of the XSD location of a GML profile&#xA;" modelElement="EAID_07DA622C_5A75_4c91_B5AB_1B368F80B4B3"/>
		<UML:TaggedValue tag="targetNamespace" xmi.id="EAID_393CD814_F041_3bf0_B940_3DB3BCAA5A45" value="#NOTES#Description: Target namespace URI of the Application Schema&#xA;" modelElement="EAID_07DA622C_5A75_4c91_B5AB_1B368F80B4B3"/>
		<UML:TaggedValue tag="version" xmi.id="EAID_6F40CEE6_0A33_550a_B351_4DD5362FCC93" value="#NOTES#Description: Version of the Application Schema&#xA;" modelElement="EAID_07DA622C_5A75_4c91_B5AB_1B368F80B4B3"/>
		<UML:TaggedValue tag="xmlns" xmi.id="EAID_08B91BD2_1FDF_fc1f_830C_754FA8E6FC56" value="#NOTES#Description: Namespace prefix (or) the abbreviated short form  of the target namespace&#xA;" modelElement="EAID_07DA622C_5A75_4c91_B5AB_1B368F80B4B3"/>
		<UML:TaggedValue tag="xsdDocument" xmi.id="EAID_6E79370E_B4BB_69b4_8E37_2CE6D9D27BA1" value="#NOTES#Description: Valid file name or relative file name of the XSD file to create for representing the contents of the package&#xA;" modelElement="EAID_07DA622C_5A75_4c91_B5AB_1B368F80B4B3"/>
	</XMI.content>
	<XMI.difference/>
	<XMI.extensions xmi.extender="Enterprise Architect 2.5"/>
</XMI>
