<?xml version="1.0" encoding="windows-1252"?>
<XMI xmi.version="1.1" xmlns:UML="omg.org/UML1.3">
	<XMI.header>
		<XMI.documentation>
			<XMI.exporter>Enterprise Architect</XMI.exporter>
			<XMI.exporterVersion>2.5</XMI.exporterVersion>
		</XMI.documentation>
	</XMI.header>
	<XMI.content>
		<UML:Model name="EA Model" xmi.id="MX_EAID_F76F41B4_128E_4d87_B926_1EBDD415A05E">
			<UML:Namespace.ownedElement>
				<UML:Class name="EARootClass" xmi.id="EAID_11111111_5487_4080_A7F4_41526CB0AA00" isRoot="true" isLeaf="false" isAbstract="false"/>
				<UML:Package name="industrie-production" xmi.id="EAPK_F76F41B4_128E_4d87_B926_1EBDD415A05E" isRoot="false" isLeaf="false" isAbstract="false" visibility="public">
					<UML:ModelElement.taggedValue>
						<UML:TaggedValue tag="parent" value="EAPK_396FB2F0_0DC0_4bae_AE69_5581E9AC7BF3"/>
						<UML:TaggedValue tag="created" value="2014-01-13 00:00:00"/>
						<UML:TaggedValue tag="modified" value="2014-01-13 00:00:00"/>
						<UML:TaggedValue tag="iscontrolled" value="TRUE"/>
						<UML:TaggedValue tag="xmlpath" value="trunk\valide\industrie-production\industrie-production.xml"/>
						<UML:TaggedValue tag="lastloaddate" value="2018-01-30 15:16:10"/>
						<UML:TaggedValue tag="lastsavedate" value="2014-01-31 15:08:05"/>
						<UML:TaggedValue tag="version" value="1.0"/>
						<UML:TaggedValue tag="isprotected" value="FALSE"/>
						<UML:TaggedValue tag="usedtd" value="FALSE"/>
						<UML:TaggedValue tag="xmiver" value="Enterprise Architect XMI/UML 1.3"/>
						<UML:TaggedValue tag="logxml" value="FALSE"/>
						<UML:TaggedValue tag="tpos" value="12"/>
						<UML:TaggedValue tag="packageFlags" value="isModel=1;VICON=3;Recurse=0;VCCFG=covadis;CRC=0;"/>
						<UML:TaggedValue tag="batchsave" value="0"/>
						<UML:TaggedValue tag="batchload" value="0"/>
						<UML:TaggedValue tag="phase" value="1.0"/>
						<UML:TaggedValue tag="status" value="Proposed"/>
						<UML:TaggedValue tag="author" value="richard.mitanchey"/>
						<UML:TaggedValue tag="complexity" value="1"/>
						<UML:TaggedValue tag="ea_stype" value="Public"/>
						<UML:TaggedValue tag="tpos" value="12"/>
						<UML:TaggedValue tag="gentype" value="Java"/>
					</UML:ModelElement.taggedValue>
					<UML:Namespace.ownedElement>
						<UML:Collaboration xmi.id="EAID_F76F41B4_128E_4d87_B926_1EBDD415A05E_Collaboration" name="Collaborations">
							<UML:Namespace.ownedElement>
								<UML:ClassifierRole name="EolienTerrestre v1.0" xmi.id="EAID_A35AEFC9_C40A_4201_A79D_65BA5C231D7A" visibility="public" base="EAID_11111111_5487_4080_A7F4_41526CB0AA00">
									<UML:ModelElement.stereotype>
										<UML:Stereotype name="geostandard"/>
									</UML:ModelElement.stereotype>
									<UML:ModelElement.taggedValue>
										<UML:TaggedValue tag="isAbstract" value="false"/>
										<UML:TaggedValue tag="isSpecification" value="false"/>
										<UML:TaggedValue tag="ea_stype" value="Package"/>
										<UML:TaggedValue tag="ea_ntype" value="0"/>
										<UML:TaggedValue tag="version" value="1.0"/>
										<UML:TaggedValue tag="isActive" value="false"/>
										<UML:TaggedValue tag="package" value="EAPK_F76F41B4_128E_4d87_B926_1EBDD415A05E"/>
										<UML:TaggedValue tag="date_created" value="2018-01-30 15:16:42"/>
										<UML:TaggedValue tag="date_modified" value="2018-01-30 15:16:42"/>
										<UML:TaggedValue tag="gentype" value="Java"/>
										<UML:TaggedValue tag="tagged" value="0"/>
										<UML:TaggedValue tag="package2" value="EAID_A35AEFC9_C40A_4201_A79D_65BA5C231D7A"/>
										<UML:TaggedValue tag="package_name" value="industrie-production"/>
										<UML:TaggedValue tag="phase" value="1.0"/>
										<UML:TaggedValue tag="author" value="richard.mitanchey"/>
										<UML:TaggedValue tag="complexity" value="1"/>
										<UML:TaggedValue tag="status" value="Proposed"/>
										<UML:TaggedValue tag="stereotype" value="geostandard"/>
										<UML:TaggedValue tag="tpos" value="0"/>
										<UML:TaggedValue tag="ea_localid" value="202"/>
										<UML:TaggedValue tag="ea_eleType" value="package"/>
										<UML:TaggedValue tag="style" value="BackColor=-1;BorderColor=-1;BorderWidth=-1;FontColor=-1;VSwimLanes=1;HSwimLanes=1;BorderStyle=0;"/>
										<UML:TaggedValue tag="$ea_xref_property" value="$XREFPROP=$XID={0E809FD9-D11E-4c87-9C43-9396E6CD1CBF}$XID;$NAM=Stereotypes$NAM;$TYP=element property$TYP;$VIS=Public$VIS;$PAR=0$PAR;$DES=@STEREO;Name=geostandard;GUID={F0CE85DD-05E6-4b20-A6B6-F84B6B2AE216};@ENDSTEREO;$DES;$CLT={A35AEFC9-C40A-4201-A79D-65BA5C231D7A}$CLT;$SUP=&lt;none&gt;$SUP;$ENDXREF;"/>
									</UML:ModelElement.taggedValue>
								</UML:ClassifierRole>
								<UML:ClassifierRole name="ICPE" xmi.id="EAID_ECD74F68_835F_4be6_8D08_AB51F68FB7BB" visibility="public" base="EAID_11111111_5487_4080_A7F4_41526CB0AA00">
									<UML:ModelElement.stereotype>
										<UML:Stereotype name="geostandard"/>
									</UML:ModelElement.stereotype>
									<UML:ModelElement.taggedValue>
										<UML:TaggedValue tag="isAbstract" value="false"/>
										<UML:TaggedValue tag="isSpecification" value="false"/>
										<UML:TaggedValue tag="ea_stype" value="Package"/>
										<UML:TaggedValue tag="ea_ntype" value="0"/>
										<UML:TaggedValue tag="version" value="1.0"/>
										<UML:TaggedValue tag="isActive" value="false"/>
										<UML:TaggedValue tag="package" value="EAPK_F76F41B4_128E_4d87_B926_1EBDD415A05E"/>
										<UML:TaggedValue tag="date_created" value="2018-01-30 15:16:45"/>
										<UML:TaggedValue tag="date_modified" value="2018-01-30 15:16:45"/>
										<UML:TaggedValue tag="gentype" value="Java"/>
										<UML:TaggedValue tag="tagged" value="0"/>
										<UML:TaggedValue tag="package2" value="EAID_ECD74F68_835F_4be6_8D08_AB51F68FB7BB"/>
										<UML:TaggedValue tag="package_name" value="industrie-production"/>
										<UML:TaggedValue tag="phase" value="1.0"/>
										<UML:TaggedValue tag="author" value="richard.mitanchey"/>
										<UML:TaggedValue tag="complexity" value="1"/>
										<UML:TaggedValue tag="status" value="Proposed"/>
										<UML:TaggedValue tag="stereotype" value="geostandard"/>
										<UML:TaggedValue tag="tpos" value="0"/>
										<UML:TaggedValue tag="ea_localid" value="210"/>
										<UML:TaggedValue tag="ea_eleType" value="package"/>
										<UML:TaggedValue tag="style" value="BackColor=-1;BorderColor=-1;BorderWidth=-1;FontColor=-1;VSwimLanes=1;HSwimLanes=1;BorderStyle=0;"/>
										<UML:TaggedValue tag="$ea_xref_property" value="$XREFPROP=$XID={2A1D9F69-CFD4-4320-9362-B105D4A46F3A}$XID;$NAM=Stereotypes$NAM;$TYP=element property$TYP;$VIS=Public$VIS;$PAR=0$PAR;$DES=@STEREO;Name=geostandard;GUID={F0CE85DD-05E6-4b20-A6B6-F84B6B2AE216};@ENDSTEREO;$DES;$CLT={ECD74F68-835F-4be6-8D08-AB51F68FB7BB}$CLT;$SUP=&lt;none&gt;$SUP;$ENDXREF;"/>
									</UML:ModelElement.taggedValue>
								</UML:ClassifierRole>
								<UML:ClassifierRole name="EolienTerrestre v2.0" xmi.id="EAID_F222DD53_D024_4b75_AF94_BCCA85B9D631" visibility="public" base="EAID_11111111_5487_4080_A7F4_41526CB0AA00">
									<UML:ModelElement.stereotype>
										<UML:Stereotype name="geostandard"/>
									</UML:ModelElement.stereotype>
									<UML:ModelElement.taggedValue>
										<UML:TaggedValue tag="isAbstract" value="false"/>
										<UML:TaggedValue tag="isSpecification" value="false"/>
										<UML:TaggedValue tag="ea_stype" value="Package"/>
										<UML:TaggedValue tag="ea_ntype" value="0"/>
										<UML:TaggedValue tag="version" value="1.1"/>
										<UML:TaggedValue tag="isActive" value="false"/>
										<UML:TaggedValue tag="package" value="EAPK_F76F41B4_128E_4d87_B926_1EBDD415A05E"/>
										<UML:TaggedValue tag="date_created" value="2018-01-30 15:16:43"/>
										<UML:TaggedValue tag="date_modified" value="2018-01-30 15:16:43"/>
										<UML:TaggedValue tag="gentype" value="Java"/>
										<UML:TaggedValue tag="tagged" value="0"/>
										<UML:TaggedValue tag="package2" value="EAID_F222DD53_D024_4b75_AF94_BCCA85B9D631"/>
										<UML:TaggedValue tag="package_name" value="industrie-production"/>
										<UML:TaggedValue tag="phase" value="1.0"/>
										<UML:TaggedValue tag="author" value="richard.mitanchey"/>
										<UML:TaggedValue tag="complexity" value="1"/>
										<UML:TaggedValue tag="status" value="Proposed"/>
										<UML:TaggedValue tag="stereotype" value="geostandard"/>
										<UML:TaggedValue tag="tpos" value="0"/>
										<UML:TaggedValue tag="ea_localid" value="205"/>
										<UML:TaggedValue tag="ea_eleType" value="package"/>
										<UML:TaggedValue tag="style" value="BackColor=-1;BorderColor=-1;BorderWidth=-1;FontColor=-1;VSwimLanes=1;HSwimLanes=1;BorderStyle=0;"/>
										<UML:TaggedValue tag="$ea_xref_property" value="$XREFPROP=$XID={D33866ED-FFBE-40d1-A5F2-D878B3012561}$XID;$NAM=Stereotypes$NAM;$TYP=element property$TYP;$VIS=Public$VIS;$PAR=0$PAR;$DES=@STEREO;Name=geostandard;GUID={F0CE85DD-05E6-4b20-A6B6-F84B6B2AE216};@ENDSTEREO;$DES;$CLT={F222DD53-D024-4b75-AF94-BCCA85B9D631}$CLT;$SUP=&lt;none&gt;$SUP;$ENDXREF;"/>
									</UML:ModelElement.taggedValue>
								</UML:ClassifierRole>
							</UML:Namespace.ownedElement>
							<UML:Collaboration.interaction/>
						</UML:Collaboration>
						<UML:Package name="EolienTerrestre v1.0" xmi.id="EAPK_A35AEFC9_C40A_4201_A79D_65BA5C231D7A" isRoot="false" isLeaf="false" isAbstract="false" visibility="public">
							<UML:ModelElement.stereotype>
								<UML:Stereotype xmi.idref="EAID_1E433872_81E4_42aa_BEA9_EB6B006BC34F"/>
							</UML:ModelElement.stereotype>
							<UML:ModelElement.taggedValue>
								<UML:TaggedValue tag="parent" value="EAPK_F76F41B4_128E_4d87_B926_1EBDD415A05E"/>
								<UML:TaggedValue tag="created" value="2013-11-28 14:27:32"/>
								<UML:TaggedValue tag="modified" value="2016-04-29 16:00:15"/>
								<UML:TaggedValue tag="iscontrolled" value="TRUE"/>
								<UML:TaggedValue tag="xmlpath" value="trunk\valide\industrie-production\geostandard Eolien Terrestre\EolienTerrestre v1.0.xml"/>
								<UML:TaggedValue tag="lastloaddate" value="2018-01-30 15:16:43"/>
								<UML:TaggedValue tag="lastsavedate" value="2014-01-13 11:22:22"/>
								<UML:TaggedValue tag="version" value="1.0"/>
								<UML:TaggedValue tag="isprotected" value="FALSE"/>
								<UML:TaggedValue tag="usedtd" value="FALSE"/>
								<UML:TaggedValue tag="xmiver" value="Enterprise Architect XMI/UML 1.3"/>
								<UML:TaggedValue tag="logxml" value="FALSE"/>
								<UML:TaggedValue tag="tpos" value="0"/>
								<UML:TaggedValue tag="batchsave" value="0"/>
								<UML:TaggedValue tag="batchload" value="0"/>
								<UML:TaggedValue tag="packageFlags" value="Recurse=0;VCCFG=covadis;CheckedOutTo=richard.mitanchey;"/>
								<UML:TaggedValue tag="savedasstub" value="true"/>
								<UML:TaggedValue tag="phase" value="1.0"/>
								<UML:TaggedValue tag="status" value="Proposed"/>
								<UML:TaggedValue tag="author" value="richard.mitanchey"/>
								<UML:TaggedValue tag="complexity" value="1"/>
								<UML:TaggedValue tag="stereotype" value="geostandard"/>
								<UML:TaggedValue tag="ea_stype" value="Public"/>
							</UML:ModelElement.taggedValue>
						</UML:Package>
						<UML:Package name="EolienTerrestre v2.0" xmi.id="EAPK_F222DD53_D024_4b75_AF94_BCCA85B9D631" isRoot="false" isLeaf="false" isAbstract="false" visibility="public">
							<UML:ModelElement.stereotype>
								<UML:Stereotype xmi.idref="EAID_1E433872_81E4_42aa_BEA9_EB6B006BC34F"/>
							</UML:ModelElement.stereotype>
							<UML:ModelElement.taggedValue>
								<UML:TaggedValue tag="parent" value="EAPK_F76F41B4_128E_4d87_B926_1EBDD415A05E"/>
								<UML:TaggedValue tag="created" value="2013-11-28 14:27:32"/>
								<UML:TaggedValue tag="modified" value="2016-11-14 14:23:02"/>
								<UML:TaggedValue tag="iscontrolled" value="TRUE"/>
								<UML:TaggedValue tag="xmlpath" value="trunk\valide\industrie-production\geostandard Eolien Terrestre\EolienTerrestre v1.1.xml"/>
								<UML:TaggedValue tag="lastloaddate" value="2018-01-30 15:16:44"/>
								<UML:TaggedValue tag="lastsavedate" value="2014-01-13 11:22:22"/>
								<UML:TaggedValue tag="version" value="1.1"/>
								<UML:TaggedValue tag="isprotected" value="FALSE"/>
								<UML:TaggedValue tag="usedtd" value="FALSE"/>
								<UML:TaggedValue tag="xmiver" value="Enterprise Architect XMI/UML 1.3"/>
								<UML:TaggedValue tag="logxml" value="FALSE"/>
								<UML:TaggedValue tag="tpos" value="0"/>
								<UML:TaggedValue tag="batchsave" value="0"/>
								<UML:TaggedValue tag="batchload" value="0"/>
								<UML:TaggedValue tag="packageFlags" value="Recurse=0;VCCFG=covadis;CheckedOutTo=richard.mitanchey;"/>
								<UML:TaggedValue tag="savedasstub" value="true"/>
								<UML:TaggedValue tag="phase" value="1.0"/>
								<UML:TaggedValue tag="status" value="Proposed"/>
								<UML:TaggedValue tag="author" value="richard.mitanchey"/>
								<UML:TaggedValue tag="complexity" value="1"/>
								<UML:TaggedValue tag="stereotype" value="geostandard"/>
								<UML:TaggedValue tag="ea_stype" value="Public"/>
							</UML:ModelElement.taggedValue>
						</UML:Package>
						<UML:Package name="ICPE" xmi.id="EAPK_ECD74F68_835F_4be6_8D08_AB51F68FB7BB" isRoot="false" isLeaf="false" isAbstract="false" visibility="public">
							<UML:ModelElement.stereotype>
								<UML:Stereotype xmi.idref="EAID_1E433872_81E4_42aa_BEA9_EB6B006BC34F"/>
							</UML:ModelElement.stereotype>
							<UML:ModelElement.taggedValue>
								<UML:TaggedValue tag="parent" value="EAPK_F76F41B4_128E_4d87_B926_1EBDD415A05E"/>
								<UML:TaggedValue tag="created" value="2014-12-29 09:50:23"/>
								<UML:TaggedValue tag="modified" value="2015-02-18 18:14:13"/>
								<UML:TaggedValue tag="iscontrolled" value="TRUE"/>
								<UML:TaggedValue tag="xmlpath" value="trunk\valide\industrie-production\ICPE\ICPE.xml"/>
								<UML:TaggedValue tag="lastloaddate" value="2018-01-30 15:16:45"/>
								<UML:TaggedValue tag="lastsavedate" value="2015-08-18 09:43:50"/>
								<UML:TaggedValue tag="version" value="1.0"/>
								<UML:TaggedValue tag="isprotected" value="FALSE"/>
								<UML:TaggedValue tag="usedtd" value="FALSE"/>
								<UML:TaggedValue tag="xmiver" value="Enterprise Architect XMI/UML 1.3"/>
								<UML:TaggedValue tag="logxml" value="FALSE"/>
								<UML:TaggedValue tag="tpos" value="0"/>
								<UML:TaggedValue tag="batchsave" value="0"/>
								<UML:TaggedValue tag="batchload" value="0"/>
								<UML:TaggedValue tag="packageFlags" value="Recurse=0;VCCFG=covadis;CheckedOutTo=richard.mitanchey;"/>
								<UML:TaggedValue tag="savedasstub" value="true"/>
								<UML:TaggedValue tag="phase" value="1.0"/>
								<UML:TaggedValue tag="status" value="Proposed"/>
								<UML:TaggedValue tag="author" value="richard.mitanchey"/>
								<UML:TaggedValue tag="complexity" value="1"/>
								<UML:TaggedValue tag="stereotype" value="geostandard"/>
								<UML:TaggedValue tag="ea_stype" value="Public"/>
							</UML:ModelElement.taggedValue>
						</UML:Package>
					</UML:Namespace.ownedElement>
				</UML:Package>
				<UML:Stereotype xmi.id="EAID_1E433872_81E4_42aa_BEA9_EB6B006BC34F" name="geostandard" isRoot="false" isLeaf="false" isAbstract="false">
					<UML:Stereotype.baseClass>Package</UML:Stereotype.baseClass>
				</UML:Stereotype>
			</UML:Namespace.ownedElement>
		</UML:Model>
		<UML:DiagramElement geometry="Left=574;Top=800;Right=704;Bottom=880;" subject="EAID_ECD74F68_835F_4be6_8D08_AB51F68FB7BB" seqno="11" style="DUID=B9B19982;NSL=0;BFol=-1;LCol=-1;LWth=-1;fontsz=0;bold=0;black=0;italic=0;ul=0;charset=0;pitch=0;BCol=10132479;">
			<UML:ModelElement.taggedValue>
				<UML:TaggedValue tag="diagram_guid" value="EAID_77E9E5EF_81F2_4fe0_893B_253E405F708E"/>
			</UML:ModelElement.taggedValue>
		</UML:DiagramElement>
	</XMI.content>
	<XMI.difference/>
	<XMI.extensions xmi.extender="Enterprise Architect 2.5"/>
</XMI>
